"sale_date","category_id","category_name","branch_id","branch_name","city","total_orders","total_revenue","avg_order_value","unique_customers","created_at"
"2024-12-30",1,"Продукты питания",6,"Варшавский","Москва",1,1900,1900,1,"2026-08-26 09:53:39"
"2024-12-30",1,"Продукты питания",6,"Варшавский","Москва",1,1900,1900,1,"2026-08-26 11:22:47"
"2024-12-30",1,"Продукты питания",6,"Варшавский","Москва",1,1900,1900,1,"2026-08-26 11:23:33"
"2024-12-30",1,"Продукты питания",22,"Верх-Исетский","Екатеринбург",1,1900,1900,1,"2026-08-26 09:53:39"
"2024-12-30",1,"Продукты питания",22,"Верх-Исетский","Екатеринбург",1,1900,1900,1,"2026-08-26 11:22:47"
"2024-12-30",1,"Продукты питания",22,"Верх-Исетский","Екатеринбург",1,1900,1900,1,"2026-08-26 11:23:33"
"2024-12-30",3,"Мясные продукты",20,"Ново-Савиновский","Казань",1,1000,1000,1,"2026-08-26 09:53:39"
"2024-12-30",3,"Мясные продукты",20,"Ново-Савиновский","Казань",1,1000,1000,1,"2026-08-26 11:22:47"
"2024-12-30",3,"Мясные продукты",20,"Ново-Савиновский","Казань",1,1000,1000,1,"2026-08-26 11:23:33"
"2024-12-30",3,"Мясные продукты",27,"Калининский","Новосибирск",1,1070,1070,1,"2026-08-26 09:53:39"
"2024-12-30",3,"Мясные продукты",27,"Калининский","Новосибирск",1,1070,1070,1,"2026-08-26 11:22:47"
"2024-12-30",3,"Мясные продукты",27,"Калининский","Новосибирск",1,1070,1070,1,"2026-08-26 11:23:33"
"2024-12-30",3,"Мясные продукты",29,"Сормовский","Нижний Новгород",1,519.25,519.25,1,"2026-08-26 09:53:39"
"2024-12-30",3,"Мясные продукты",29,"Сормовский","Нижний Новгород",1,519.25,519.25,1,"2026-08-26 11:22:47"
"2024-12-30",3,"Мясные продукты",29,"Сормовский","Нижний Новгород",1,519.25,519.25,1,"2026-08-26 11:23:33"
"2024-12-30",4,"Хлеб-выпечка",2,"Арбат","Москва",1,1295,1295,1,"2026-08-26 09:53:39"
"2024-12-30",4,"Хлеб-выпечка",2,"Арбат","Москва",1,1295,1295,1,"2026-08-26 11:22:47"
"2024-12-30",4,"Хлеб-выпечка",2,"Арбат","Москва",1,1295,1295,1,"2026-08-26 11:23:33"
"2024-12-30",5,"Овощи-фрукты",20,"Ново-Савиновский","Казань",1,1365,1365,1,"2026-08-26 09:53:39"
"2024-12-30",5,"Овощи-фрукты",20,"Ново-Савиновский","Казань",1,1365,1365,1,"2026-08-26 11:22:47"
"2024-12-30",5,"Овощи-фрукты",20,"Ново-Савиновский","Казань",1,1365,1365,1,"2026-08-26 11:23:33"
"2024-12-30",6,"Бакалея",1,"Тверская","Москва",1,1675,1675,1,"2026-08-26 09:53:39"
"2024-12-30",6,"Бакалея",1,"Тверская","Москва",1,1675,1675,1,"2026-08-26 11:22:47"
"2024-12-30",6,"Бакалея",1,"Тверская","Москва",1,1675,1675,1,"2026-08-26 11:23:33"
"2024-12-31",2,"Молочные продукты",5,"Щелковский","Москва",1,845,845,1,"2026-08-26 09:53:39"
"2024-12-31",2,"Молочные продукты",5,"Щелковский","Москва",1,845,845,1,"2026-08-26 11:22:47"
"2024-12-31",2,"Молочные продукты",5,"Щелковский","Москва",1,845,845,1,"2026-08-26 11:23:33"
"2024-12-31",3,"Мясные продукты",28,"Нижегородский","Нижний Новгород",1,830,830,1,"2026-08-26 09:53:39"
"2024-12-31",3,"Мясные продукты",28,"Нижегородский","Нижний Новгород",1,830,830,1,"2026-08-26 11:22:47"
"2024-12-31",3,"Мясные продукты",28,"Нижегородский","Нижний Новгород",1,830,830,1,"2026-08-26 11:23:33"
"2024-12-31",4,"Хлеб-выпечка",6,"Варшавский","Москва",1,985,985,1,"2026-08-26 09:53:39"
"2024-12-31",4,"Хлеб-выпечка",6,"Варшавский","Москва",1,985,985,1,"2026-08-26 11:22:47"
"2024-12-31",4,"Хлеб-выпечка",6,"Варшавский","Москва",1,985,985,1,"2026-08-26 11:23:33"
"2024-12-31",5,"Овощи-фрукты",9,"Можайский","Москва",1,1402.75,1402.75,1,"2026-08-26 09:53:39"
"2024-12-31",5,"Овощи-фрукты",9,"Можайский","Москва",1,1402.75,1402.75,1,"2026-08-26 11:22:47"
"2024-12-31",5,"Овощи-фрукты",9,"Можайский","Москва",1,1402.75,1402.75,1,"2026-08-26 11:23:33"
"2024-12-31",6,"Бакалея",1,"Тверская","Москва",1,1675,1675,1,"2026-08-26 09:53:39"
"2024-12-31",6,"Бакалея",1,"Тверская","Москва",1,1675,1675,1,"2026-08-26 11:22:47"
"2024-12-31",6,"Бакалея",1,"Тверская","Москва",1,1675,1675,1,"2026-08-26 11:23:33"
"2024-12-31",6,"Бакалея",5,"Щелковский","Москва",1,845,845,1,"2026-08-26 09:53:39"
"2024-12-31",6,"Бакалея",5,"Щелковский","Москва",1,845,845,1,"2026-08-26 11:22:47"
"2024-12-31",6,"Бакалея",5,"Щелковский","Москва",1,845,845,1,"2026-08-26 11:23:33"
"2024-12-31",6,"Бакалея",6,"Варшавский","Москва",1,985,985,1,"2026-08-26 09:53:39"
"2024-12-31",6,"Бакалея",6,"Варшавский","Москва",1,985,985,1,"2026-08-26 11:22:47"
"2024-12-31",6,"Бакалея",6,"Варшавский","Москва",1,985,985,1,"2026-08-26 11:23:33"
"2024-12-31",6,"Бакалея",9,"Можайский","Москва",1,1402.75,1402.75,1,"2026-08-26 09:53:39"
"2024-12-31",6,"Бакалея",9,"Можайский","Москва",1,1402.75,1402.75,1,"2026-08-26 11:22:47"
"2024-12-31",6,"Бакалея",9,"Можайский","Москва",1,1402.75,1402.75,1,"2026-08-26 11:23:33"
"2024-12-31",6,"Бакалея",12,"Московский","Санкт-Петербург",1,1435,1435,1,"2026-08-26 09:53:39"
"2024-12-31",6,"Бакалея",12,"Московский","Санкт-Петербург",1,1435,1435,1,"2026-08-26 11:22:47"
"2024-12-31",6,"Бакалея",12,"Московский","Санкт-Петербург",1,1435,1435,1,"2026-08-26 11:23:33"
"2024-12-31",6,"Бакалея",20,"Ново-Савиновский","Казань",1,760,760,1,"2026-08-26 09:53:39"
"2024-12-31",6,"Бакалея",20,"Ново-Савиновский","Казань",1,760,760,1,"2026-08-26 11:22:47"
"2024-12-31",6,"Бакалея",20,"Ново-Савиновский","Казань",1,760,760,1,"2026-08-26 11:23:33"
"2024-12-31",6,"Бакалея",25,"Красный","Новосибирск",1,749,749,1,"2026-08-26 09:53:39"
"2024-12-31",6,"Бакалея",25,"Красный","Новосибирск",1,749,749,1,"2026-08-26 11:22:47"
"2024-12-31",6,"Бакалея",25,"Красный","Новосибирск",1,749,749,1,"2026-08-26 11:23:33"
"2024-12-31",6,"Бакалея",27,"Калининский","Новосибирск",1,915,915,0,"2026-08-26 09:53:39"
"2024-12-31",6,"Бакалея",27,"Калининский","Новосибирск",1,915,915,0,"2026-08-26 11:22:47"
"2024-12-31",6,"Бакалея",27,"Калининский","Новосибирск",1,915,915,0,"2026-08-26 11:23:33"
"2024-12-31",6,"Бакалея",28,"Нижегородский","Нижний Новгород",1,830,830,1,"2026-08-26 09:53:39"
"2024-12-31",6,"Бакалея",28,"Нижегородский","Нижний Новгород",1,830,830,1,"2026-08-26 11:22:47"
"2024-12-31",6,"Бакалея",28,"Нижегородский","Нижний Новгород",1,830,830,1,"2026-08-26 11:23:33"
"2024-12-31",6,"Бакалея",29,"Сормовский","Нижний Новгород",1,1070,1070,1,"2026-08-26 09:53:39"
"2024-12-31",6,"Бакалея",29,"Сормовский","Нижний Новгород",1,1070,1070,1,"2026-08-26 11:22:47"
"2024-12-31",6,"Бакалея",29,"Сормовский","Нижний Новгород",1,1070,1070,1,"2026-08-26 11:23:33"
"2024-12-31",7,"Напитки",20,"Ново-Савиновский","Казань",1,760,760,1,"2026-08-26 09:53:39"
"2024-12-31",7,"Напитки",20,"Ново-Савиновский","Казань",1,760,760,1,"2026-08-26 11:22:47"
"2024-12-31",7,"Напитки",20,"Ново-Савиновский","Казань",1,760,760,1,"2026-08-26 11:23:33"
"2024-12-31",7,"Напитки",25,"Красный","Новосибирск",1,749,749,1,"2026-08-26 09:53:39"
"2024-12-31",7,"Напитки",25,"Красный","Новосибирск",1,749,749,1,"2026-08-26 11:22:47"
"2024-12-31",7,"Напитки",25,"Красный","Новосибирск",1,749,749,1,"2026-08-26 11:23:33"
"2024-12-31",7,"Напитки",29,"Сормовский","Нижний Новгород",1,1070,1070,1,"2026-08-26 09:53:39"
"2024-12-31",7,"Напитки",29,"Сормовский","Нижний Новгород",1,1070,1070,1,"2026-08-26 11:22:47"
"2024-12-31",7,"Напитки",29,"Сормовский","Нижний Новгород",1,1070,1070,1,"2026-08-26 11:23:33"
"2024-12-31",8,"Сладости-снеки",1,"Тверская","Москва",1,1675,1675,1,"2026-08-26 09:53:39"
"2024-12-31",8,"Сладости-снеки",1,"Тверская","Москва",1,1675,1675,1,"2026-08-26 11:22:47"
"2024-12-31",8,"Сладости-снеки",1,"Тверская","Москва",1,1675,1675,1,"2026-08-26 11:23:33"
"2024-12-31",8,"Сладости-снеки",12,"Московский","Санкт-Петербург",1,1435,1435,1,"2026-08-26 09:53:39"
"2024-12-31",8,"Сладости-снеки",12,"Московский","Санкт-Петербург",1,1435,1435,1,"2026-08-26 11:22:47"
"2024-12-31",8,"Сладости-снеки",12,"Московский","Санкт-Петербург",1,1435,1435,1,"2026-08-26 11:23:33"
"2024-12-31",8,"Сладости-снеки",27,"Калининский","Новосибирск",1,915,915,0,"2026-08-26 09:53:39"
"2024-12-31",8,"Сладости-снеки",27,"Калининский","Новосибирск",1,915,915,0,"2026-08-26 11:22:47"
"2024-12-31",8,"Сладости-снеки",27,"Калининский","Новосибирск",1,915,915,0,"2026-08-26 11:23:33"
"2025-01-01",1,"Продукты питания",15,"Петроградский","Санкт-Петербург",1,1000,1000,1,"2026-08-26 09:53:39"
"2025-01-01",1,"Продукты питания",15,"Петроградский","Санкт-Петербург",1,1000,1000,1,"2026-08-26 11:22:47"
"2025-01-01",1,"Продукты питания",15,"Петроградский","Санкт-Петербург",1,1000,1000,1,"2026-08-26 11:23:33"
"2025-01-01",3,"Мясные продукты",9,"Можайский","Москва",1,845,845,1,"2026-08-26 09:53:39"
"2025-01-01",3,"Мясные продукты",9,"Можайский","Москва",1,845,845,1,"2026-08-26 11:22:47"
"2025-01-01",3,"Мясные продукты",9,"Можайский","Москва",1,845,845,1,"2026-08-26 11:23:33"
"2025-01-01",3,"Мясные продукты",11,"Невский","Санкт-Петербург",1,1776.25,1776.25,1,"2026-08-26 09:53:39"
"2025-01-01",3,"Мясные продукты",11,"Невский","Санкт-Петербург",1,1776.25,1776.25,1,"2026-08-26 11:22:47"
"2025-01-01",3,"Мясные продукты",11,"Невский","Санкт-Петербург",1,1776.25,1776.25,1,"2026-08-26 11:23:33"
"2025-01-01",3,"Мясные продукты",21,"Центральный","Екатеринбург",1,1655,1655,0,"2026-08-26 09:53:39"
"2025-01-01",3,"Мясные продукты",21,"Центральный","Екатеринбург",1,1655,1655,0,"2026-08-26 11:22:47"
"2025-01-01",3,"Мясные продукты",21,"Центральный","Екатеринбург",1,1655,1655,0,"2026-08-26 11:23:33"
"2025-01-01",3,"Мясные продукты",30,"Автозаводский","Нижний Новгород",1,1140,1140,1,"2026-08-26 09:53:39"
"2025-01-01",3,"Мясные продукты",30,"Автозаводский","Нижний Новгород",1,1140,1140,1,"2026-08-26 11:22:47"
"2025-01-01",3,"Мясные продукты",30,"Автозаводский","Нижний Новгород",1,1140,1140,1,"2026-08-26 11:23:33"
"2025-01-01",5,"Овощи-фрукты",6,"Варшавский","Москва",1,1590,1590,1,"2026-08-26 09:53:39"
